<?xml version="1.0"?>
<data grt_format="2.0">
  <value _ptr_="0x6000004542a0" type="list" content-type="object" content-struct-name="db.mgmt.Connection">
    <value type="object" struct-name="db.mgmt.Connection" id="A4771255-91B4-4251-8E6E-4E361BD4E744" struct-checksum="0x96ba47d8">
      <link type="object" struct-name="db.mgmt.Driver" key="driver">com.mysql.rdbms.mysql.driver.native</link>
      <value type="string" key="hostIdentifier">Mysql@localhost:3306</value>
      <value type="int" key="isDefault">0</value>
      <value _ptr_="0x60000044ee20" type="dict" key="modules"/>
      <value _ptr_="0x60000044edc0" type="dict" key="parameterValues">
        <value type="string" key="DbSqlEditor:LastDefaultSchema">GoDB</value>
        <value type="string" key="hostName">localhost</value>
        <value type="int" key="lastConnected">1634668258</value>
        <value type="int" key="port">3306</value>
        <value type="string" key="serverVersion">8.0.26</value>
        <value type="string" key="userName">root</value>
      </value>
      <value type="string" key="name">Local instance 3306</value>
      <link type="object" struct-name="GrtObject" key="owner">B50EF4D2-8C4F-4971-A907-026A2865D8CC</link>
    </value>
  </value>
</data>
