<?xml version="1.0"?>
<data grt_format="2.0">
  <value _ptr_="0x600000454300" type="list" content-type="object" content-struct-name="db.mgmt.ServerInstance">
    <value type="object" struct-name="db.mgmt.ServerInstance" id="95B7A4A1-9BE3-4338-AA17-5F9C03A73A3B" struct-checksum="0x367436e2">
      <link type="object" struct-name="db.mgmt.Connection" key="connection">A4771255-91B4-4251-8E6E-4E361BD4E744</link>
      <value _ptr_="0x60000047d560" type="dict" key="loginInfo"/>
      <value _ptr_="0x60000047d5c0" type="dict" key="serverInfo">
        <value type="int" key="setupPending">1</value>
        <value type="string" key="sys.config.path"></value>
        <value type="string" key="sys.config.section">mysqld</value>
        <value type="string" key="sys.preset">Custom</value>
        <value type="string" key="sys.system">macOS</value>
      </value>
      <value type="string" key="name">Local 3306</value>
    </value>
  </value>
</data>
